######;#;#;#;;#;;;;;;;;;x
claim_kyoto;Claim Kyoto;Revendiquer Kyoto;Kyoto beanspruchen;;Kyoto reivindica.;;;;;;;;;x
claim_kyoto_desc;As the Japanese [Root.GetTitle], the Imperial City should be yours to rule.;En tant que [Root.GetTitle] japonais, vous devriez régner sur la Cité impériale.;Als japanischer [Root.GetTitle] sollte die kaiserliche Stadt durch Euch regiert werden.;;Como el japones [Root.GetTitle], la Ciudad Imperial debe ser tuya y tú debes gobernarla.;;;;;;;;;x
######;#;#;#;;#;;;;;;;;;x
commit_seppuku;Suicide by Seppuku;Suicide par seppuku;Selbstmord durch Seppuku;;Suicidio por harakiri;;;;;;;;;x;;
commit_seppuku_desc;Death before dishonour.;La mort avant le déshonneur.;Tod vor Schmach.;;la muerte antes que el deshonor.;;;;;;;;;x;;
commit_jigai;Suicide by Jigai;Suicide par jigai;Selbstmord durch Jigai;;Suicidio por jigai;;;;;;;;;x;;
commit_jigai_desc;Death before dishonour.;La mort avant le déshonneur.;Tod vor Schmach.;;la muerte antes que el deshonor.;;;;;;;;;x;;
######;#;#;#;;#;;;;;;;;;x
CB_NAME_RESTORE_EMPEROR;Restore the Emperor;Restaurer l'Empereur;Den Kaiser wiederherstellen;;;;;;;;;;;x;
WAR_NAME_RESTORE_EMPEROR;$ORDER$$FIRST_ADJ$ War to Restore the Emperor;$ORDER$$FIRST_ADJ$ Guerre pour restaurer l'Empereur;$ORDER$$FIRST_ADJ$er Krieg zur Wiederherstellung des Kaisertums;;;;;;;;;;;x;
EVTDESC_JAPEMP.0;An imperial edict has arrived, demanding the return of Kyoto to the Emperor.;Une édit royal est arrivée, elle demande le retour de la Kyoto à l'Empereur.;Eine kaiserliches Edikt ist gekommen, dass die Rückgabe von Kyoto and den Kaiser fordert.;;;;;;;;;x;;;;
restore_emperor_desc;§Y$CLAIMANT$§! can use this Casus Belli to restore the Emperor to his rightful place in Kyoto.;§Y$CLAIMANT$§! peut utilsier ce Casus Belli pour restaurer l'Empereur à sa place légitime, Kyoto. ;§Y$CLAIMANT$§! kann diesen Casus Belli nutzen, um den Kaiser in Kyoto wieder einzusetzen.;;;;;;;;;;;x;
######;hedge samurai visiting;#;#;;#;;;;;;;;;x
EVTDESC71500;A group of Ronin have come to visit [Root.PrimaryTitle.GetName]. [Root.job_chancellor.GetTitledFirstName] has met with them, and ask for my reply.;Un groupe de chevaliers errants se présente à [Root.Location.GetName]. [Root.job_chancellor.GetTitledFirstName] les accueille et attend ma réponse.;Eine Gruppe Ronin besucht [Root.Location.GetName]. [Root.job_chancellor.GetTitledFirstName] hat sich mit ihnen getroffen und wartet nun auf meine Antwort.;;Ha venido un grupo de Caballeros Errantes a visitar [Root.Location.GetName]. [Root.job_chancellor.GetTitledFirstName] se ha reunido con ellos y pide mi respuesta.;;;;;;;;;x
EVTDESC71501;The Ronin have participated in a minor tournament together with our Samurai in [Root.Location.GetName]. Sadly, one of those landless vagabonds have been severely injured.;Les chevaliers errants participent à un tournoi avec nos chevaliers à [Root.Location.GetName]. Malheureusement, un de ces vagabonds sans terres est gravement blessé.;Die Ronin haben zusammen mit unseren Samurai in [Root.Location.GetName] an einem kleinen Turnier teilgenommen. Traurigerweise wurde dabei einer dieser landlosen Vagabunden schwer verwundet.;;Los Caballeros Errantes han celebrado un pequeño torneo con nuestros caballeros en [Root.Location.GetName]. Por desgracia, uno de esos vagabundos ha sido gravemente herido.;;;;;;;;;x
EVTDESC71502;A young Ronin has distinguished himself quite nicely in the time he has been at our castle.;Un jeune chevalier errant se distingue brillamment au cours de son séjour dans notre château.;Während seines Aufenthalts in unserer Burg hat sich ein junger Ronin besonders hervorgetan.;;Un joven caballero errante se ha distinguido en el tiempo que lleva en nuestro castillo.;;;;;;;;;x
EVTDESC71503;A member of our court has taken great offense at the behavior of the rough uncut Ronin visiting our castle. He almost demands that we should execute the vagrants.;Un membre de notre Cour est choqué par la grossièreté des chevaliers errants qui séjournent dans notre château. Il est à deux doigts de réclamer l’exécution de ces vagabonds.;Ein Mitglied unseres Hofes stört sich erheblich am Benehmen der rohen Ronin, die auf Besuch in unserer Burg sind. Er geht fast so weit, die Hinrichtung der Landstreicher zu fordern.;;Un miembro de la corte se ha ofendido mucho por el comportamiento de los rudos caballeros errantes que visitan nuestro castillo. Casi pide que les ejecutemos.;;;;;;;;;x
EVTOPTA71503;Throw the Ronin out of the castle!;Qu’on renvoie les chevaliers errants du château !;Raus aus der Burg mit den Ronin!;;¡Echa del castillo a los caballeros errantes!;;;;;;;;;x
EVTDESC71504;A young woman has been seduced by one of the Ronin. This seems to have some unforeseen consequences.;Une jeune femme s’est laissé séduire par un des chevaliers errants, ce qui n’est pas sans conséquences.;Einer der Ronin hat eine junge Frau verführt. Dies scheint einige unvorhersehbare Konsequenzen zu haben.;;Una joven ha sido seducida por un caballero errante. Esto parece tener consecuencias imprevistas.;;;;;;;;;x
EVTOPTB71504;The dungeon is a nice place for the Ronin.;Le cachot conviendra très bien à ce 'chevalier'.;Hoffentlich findet dieser 'Ritter' Gefallen an unserem Kerker.;;La mazmorra es un buen sitio para ese 'caballero'.;;;;;;;;;x
EVTDESC71505;The Ronin are ready to depart our castle and ride forth to another lord's domain.;Les chevaliers errants sont prêts à quitter notre château pour rejoindre le domaine d’un autre Seigneur.;Die Ronin sind bereit, unsere Burg zu verlassen und in die Domäne eines anderen Fürsten zu reiten.;;Los caballeros errantes están listos para salir de nuestro castillo y cabalgar al dominio de otro señor.;;;;;;;;;x
EVTOPTA71505;Give them a farewell feast!;Qu’on organise un festin d’adieu en leur honneur !;Da ist ein Abschiedsgelage angesagt!;;¡Dales una fiesta de despedida!;;;;;;;;;x
EVTOPTB71505;Let them leave quietly.;Qu’on les laisse s’en aller discrètement !;Sie sollen sich leise auf den Weg machen.;;Que se vayan discretamente.;;;;;;;;;x
EVTDESC71506;[Root.job_marshal.GetTitledFirstName] has arrested an armed man with ragged armor and a spotty horse. [Root.job_marshal.GetSheHeCap] says that the man claims to be a Ronin, but clearly does not believe that statement. ;[Root.job_marshal.GetTitledFirstName] a arrêté un homme armé avec une armure en piteux état et un cheval tacheté. L’homme prétend être un chevalier errant, mais [Root.job_marshal.GetTitledFirstName] ne le croit pas.;[Root.job_marshal.GetTitledFirstName] hat einen bewaffneten Mann mit schartiger Rüstung und geflecktem Pferd verhaftet. [Root.job_marshal.GetSheHeCap] sagt, der Mann würde behaupten, ein Ronin zu sein. Dieser Aussage schenkt er aber offensichtlich keinen Glauben. ;;[Root.job_marshal.GetTitledFirstName] ha arrestado a un hombre con una armadura estropeada y un caballo moteado. [Root.job_marshal.GetSheHeCap] dice que el hombre afirma ser un caballero errante, pero que no le cree. ;;;;;;;;;x
EVTOPTA71506;Order the Ronin released.;Qu’on libère le chevalier errant !;Den Ronin freilassen.;;Ordena liberar al Caballero Errante.;;;;;;;;;x
######;sunset invasion;#;#;;#;;;;;;;;;x
EVTDESC_SSI_102;There are rumours of exotic strangers in weird looking ships making landfall all along the Pacific coast, speaking no known language, trying to buy land in exchange for obsidian beads, colourful feathers and gold. After refusing their offers, local rulers were apparently threatened with terrible curses and the might of a great emperor from beyond the Pacific Ocean.;Selon des rumeurs, des étrangers exotiques à bord de bateaux étranges auraient accostés sur toute la côte atlantique. Ils parleraient une langue inconnue et essaieraient de se procurer des terres en échange de perles d'obsidienne, de plumes colorés et d’or. Après avoir refusé leurs offres, les chefs locaux ont été menacés de recevoir de terribles malédictions et de subir la puissance d’un grand empereur vivant au-delà des mers. ;Es gibt Gerüchte von exotisch anmutenden Fremden in seltsamen Schiffen, die an der gesamten atlantischen Küste landen, in einer unbekannten Sprache sprechen und versuchen, Land gegen Obsidian-Ketten, farbenfrohe Federn und Gold zu tauschen. Lehnten die lokalen Herrscher ihre Forderungen ab, wurde ihnen anscheinend mit furchtbaren Flüchen und dem Zorn eines großen Herrschers von jenseits des atlantischen Ozeans gedroht.;;Hay rumores de que unos forasteros que navegan en extraños barcos han recalado a lo largo de la costa Atlántica. Hablan una lengua desconocida y pretenden comprar tierras a cambio de collares de obsidiana, plumas de colores y oro. Al parecer, después de rechazar su oferta, los gobernantes locales fueron amenazados con terribles maldiciones y el poder de un gran emperador del otro lado del Océano Atlántico.;;;;;;;;;x
EVTNAME_SSI_135;Delicacies From the Far East;Les Plaisirs de l'Ouest;Delikatessen aus dem fernen Westen;;Exquisiteces del Extremo Oriente;;;;;;;;;x
EVTDESC_SSI_141;The cruel Aztec invaders are now fully in control of Kyushu. Thousands of people have already been sacrificed in celebration, and their Aztec overlords are now in the process of constructing new temples and pyramids where future rituals to please their gods will no doubt take place.;Les cruels envahisseurs aztèques contrôlent maintenant toute l’Irlande. Ils ont déjà sacrifié des milliers d’Irlandais pour célébrer et leurs seigneurs aztèques s’apprêtent à faire construire des temples et des pyramides où l’on pourra sans l’ombre d’un doute effectuer des rituels pour satisfaire les dieux.   ;Die grausamen, aztekischen Invasoren besitzen nun die volle Kontrolle über Irland. Tausende Iren wurden bereits in Festivitäten geopfert, und ihre aztekischen Lehensherren bauen nun neue Tempel und Pyramiden, wo, ohne Zweifel, zukünftige Rituale zum Wohlgefallen ihrer Götter erfolgen werden. ;;Los crueles invasores aztecas ahora dominan Irlanda por completo. Miles de Irlandeses han sido sacrificados para celebrarlo, y los caciques aztecas han emprendido el proceso de construir nuevos templos y pirámides donde sin lugar a dudas, van a tener lugar futuros rituales para complacer a sus dioses.;;;;;;;;;x
EVTDESC_SSI_143;The Kyushu capital of Hakata has fallen under Aztec rule. Five virgins and fifty clergymen were sacrificed in celebration, and Aztec priests have already commanded the construction of a large ceremonial pyramid on the banks of the Tsushima strait.;La ville de Londres est passée sous contrôle aztèque. Cinq vierges et cinquante ecclésiastiques ont été sacrifiés en célébration. Les prêtres aztèques ont déjà ordonné la construction d’un grande pyramide cérémoniale sur les berges de la Tamise.    ;London ist in die Hände der Azteken gefallen. Fünf Jungfrauen und fünfzig Geistliche wurden anlässlich der Feierlichkeiten geopfert, und aztekische Priester haben bereits den Bau einer gewaltigen Pyramide, für ihre Zeremonien an den Ufern der Themse, veranlasst.;;La ciudad de Londres ha sido sometida al dominio azteca.  Cinco vírgenes y cincuenta clérigos fueron sacrificados para celebrarlo, y sacerdotes aztecas ya han ordenado construir una gran pirámide ceremonial a las orillas del Támesis.;;;;;;;;;x
EVTDESC_SSI_170;There is no end to the evils the Aztecs have inflicted upon this land. A strange disease emanating from their conquered territories has begun to spread throughout the Old World. The symptoms are similar to those of the dreaded Great Pox, but this cursed plague seems even more virulent. Men skilled in the art of medicine have dubbed it 'syphilis' and all attempts to treat it have thus far met with failure.\n\nNow even those beyond the reach of the Aztec armies are imperiled, as this disease, carried by refugees and merchants, sweeps across Europe and the Middle East like an unstoppable tidal wave.;Les maux que les aztèques ont infligés sur ces terres n'en finissent pas. Une étrange maladie émanant des territoires conquis commencent à se répandre sur le vieux continent. Les symptômes sont similaires à ceux de la grande vérole, mais cette peste maudite semble encore plus virulente. Les hommes pratiquant l’art médical l'ont surnommé « syphilis » et toutes les tentatives pour soigner celle-ci n’ont rencontré pour l'instant que l’échec.\n\nMaintenant même ceux hors de portée des armées aztecs sont à risque, vu que cette maladie, transportée par les réfugiés et les marchands, balaye l’Europe et le Moyen-Orient comme un raz de marée inarrêtable.;Die Schrecken, die die Azteken in unserem Land verbreiten, nehmen kein Ende. Eine seltsame Krankheit, die sie in ihre eroberten Gebiete eingeschleppt haben, breitet sich in der Alten Welt aus. Ihre Symptome ähneln denen der Pocken, jedoch scheint diese verfluchte Plage weitaus ansteckender zu sein und alle Heilungsversuche schlugen bisher fehl. Gelehrte Medizi gaben der neuen Krankheit den Namen 'Syphilis'.\n\nSelbst all jene Menschen außerhalb der Reichweite der Armeen der Azteken sind nun in Gefahr, da die Krankheit, von Flüchtlingen und Händlern mitgeschleppt, wie eine Flutwelle über ganz Europa und den Nahen Osten hereinbricht.;;Parece que no hay fin para los males que los Aztecas están infligiendo en esta tierra. Una extraña enfermedad que emana de sus territorios conquistados ha empezado a propagarse por todo el Viejo Mundo. Los síntomas son similares a aquellos que padecen de la Peste, pero esta maldita plaga parece todavía más virulenta. Los hombres aptos en el arte de la medicina la han catalogado como 'Sífilis' y todos los intentos de tratarla han fracasado.\n\nAhora incluso aquellos fuera del alcance de los ejércitos Aztecas están en peligro, ya que esta enfermedad, transmitida por refugiados y mercaderes atraviesa Europa y el Oriente Medio como una ola imparable.;;;;;;;;;x
######;#;#;#;;#;;;;;;;;;x
BUDOTITLE;Budo;Budo;Budo;;Budo;;;;;;;;;x;
hold_a_budo;Hold a Budo Tournament;Organiser une compétition de Budo.;Haltet ein Budo-Turnier ab;;Celebrar un torneo Budo;;;;;;;;;x;
hold_a_budo_desc;We shall hold a Budo martial competition to determine once and for all who the best Samurai of the land are.;Nous allons organiser une Budo pour déterminer une bonne fois pour toutes qui est le plus grand guerrier du pays.;Wir sollten einen Budo kriegerischen Wettbewerb abhalten, um endgültig festzustellen, wer die besten Kämpfer des Landes sind.;;Organizaremos una competición marcial Budo para determinar de una vez por todas quienes son los mejores luchadores de la tierra.;;;;;;;;;x;
budo_invite;Let all who profess martial ability be invited;Invitons tous ceux qui bénéficient de l'aptitude martiale.;Es sollen alle, die eine Kampfkunst beherrschen, eingeladen werden;;Que todos los que profesan el arte marcial sean invitados;;;;;;;;;x;
EVTDESC_BUDO_250;A messenger arrives with an invitation to all the samurai of the land to take part in Budo, a great martial competition held but once per reign to determine who is the greatest.;Un messager a délivré une invitation à tous les guerriers du pays, les conviant à participer à la Budo, une grande compétition martiale organisée une seule fois par règne et visant à déterminer le plus fort de tous.;Ein Bote kommt mit einer Einladung an, die alle Krieger des Landes zu einlädt, am Budo teilzunehmen, einem großen kriegerischen Wettbewerb, der einmal pro Regierungszeit stattfindet, um herauszufinden, wer der Beste ist. ;;Un mensajero llega con una invitación para todos los guerreros del reino para competir en Budo, una gran competición entre caballeros que se celebrará solo una vez por reino para determinar al mejor de todos. ;;;;;;;;;x;
EVTDESC_BUDO_251;The Budo begins and the coming two months shall separate those gifted with the skills of a warrior from those who would only pretend at such.;La Budo est sur le point de débuter. Au terme des deux prochains mois, nous saurons qui a vraiment un don pour la guerre et qui n'a aucun talent réel en la matière.;Der Budo beginnt und in den nächsten zwei Monaten sollen so die Talentierten, mit den Fertigkeiten eines Kriegers, von denen getrennt werden, die nur so tun, als wären sie es.;;El torneo de Budo comienza y en los próximos dos meses deberá separar a los que han sido dotados con las habilidades de guerreros de los que solo pretenden serlo.;;;;;;;;;x;
EVTDESC_BUDO_252;The Budo has come to an end and the stories of its great heroes and their unfortunate victims are already spreading throughout the land.;La Budo est à présent terminée et les récits portant aux nues les grands héros et accablant les malheureuses victimes se répandent déjà dans tout le pays.;Der Budo neigt sich dem Ende und die Geschichten über große Helden und ihre bedauerlichen Opfer, verbreiten sich über das ganze Land. ;;El torneo Budo ha llegado a su final y las historias de sus grandes héroes y las infortunadas víctimas de éstos ya se esparcen en todo el reino. ;;;;;;;;;x;
EVTDESC_BUDO_253;The Budo has ended, and though I was bested by some participants, I also saw victory more than once. The promise I show as a warrior cannot be denied.;La Budo est à présent terminée et même si j'ai été battu par quelques participants, j'ai tout de même remporté la victoire à plusieurs reprises. Mes talents de guerrier ne sont plus à prouver.;Der Budo ist zu Ende, und auch wenn ich durch einige Teilnehmer ausgestochen wurde, war der Sieg mehr als einmal auf meiner Seite. Die Aussicht, dass ich ein guter Krieger bin, kann nicht geleugnet werden. ;;El torneo Budo ha llegado a su final, y aunque he sido superado por unos participantes, también fui presencié la victoria más de una vez. Son indudables los destellos que demostré como guerrero.;;;;;;;;;x;
EVTDESC_BUDO_254;The Budo has ended and my martial prowess is no longer considered idle boasting - it is proven fact. Though there were a handful of samurai gifted with skills superior to my own, the glory I won is enough to make me a hero in the eyes of the people.;La Budo est à présent terminée et mes prouesses martiales ne sont plus considérées comme de la vantardise, mais comme une réalité. Et même s'il subsistait une poignée de guerriers aux aptitudes supérieures aux miennes, mon talent a fait de moi un héros aux yeux des spectateurs.;Der Budo ist zu Ende und mein kriegerischer Heldenmut wird nicht länger als reine Prahlerei angesehen - er ist nun eine bewiesene Tatsache. Auch wenn es eine handvoll Krieger gab, deren Fertigkeiten besser als die meinen waren, der Ruhm, den ich gewonnen habe ist ausreichend, um aus mir in den Augen der Leute einen Helden zu machen. ;;?El torneo Budo ha llegado a su final y mi pericia militar ya no es solo simple fanfarronería: ya es un hecho comprobado. Aunque había un puñado de guerreros dotados de habilidades superiores a las mías, la gloria que obtuve es suficiente para hacer de mí un héroe ante los ojos de gente.;;;;;;;;;x;
EVTDESC_BUDO_255;The Budo has reached its end and not a moment too soon. My performance left much to be desired, and I would have suffered worse if some of my opponents had not pitied me.;La Budo est à présent terminée et il était temps. Mes prouesses ont laissé à désirer et mon sort aurait pu être bien pire si mes opposants n'avaient pas eu pitié de moi.;Der Budo hat sein Ende erreicht und keinen Moment zu früh. Meine Leistung ließ sehr zu wünschen übrig, und ich hätte noch mehr gelitten, wenn nicht einige meiner Gegner Mitleid mit mir gehabt hätten.;;El torneo Budo ha llegado a su final y ¡vaya qué ha sido largo! Mi actuación dejó mucho que desear y hubiera podido ser peor si algunos de mis oponentes no se hubieran apiadado de mí.;;;;;;;;;x;
EVTDESC_BUDO_256;The Budo has ended and though I did make a name for myself, it was not the one I had hoped for. I lost to every challenger, and when I pushed through the crowds and fled in panic in the last sumo duel, I could hear laughter behind me...;La Budo est à présent terminée et même si je me suis forgé une réputation, ce n'est pas vraiment celle que j'espérais. J'ai perdu face à chacun de mes adversaires et quand, au dernier duel, il m'a fallu me frayer un chemin dans la foule pour fuir, j'ai entendu de nombreux rires moqueurs s'élever dans mon dos...;Der Budo ist zu Ende und auch wenn ich mir einen Namen machen konnte, war es nicht der, den ich mir erhofft hatte. Ich habe gegen jeden Herausforderer verloren und als ich mich durch die Menge schob und in Panik in das letzte Ringer-Duell floh, konnte ich ihr Gelächter hinter mir hören...;;El torneo Budo ha llegado a su final y aunque me he hecho un nombre, no ha sido lo que esperaba. Perdí contra cada retador, y cuando me hacía paso a través de la multitud para huir en pánico del último duelo de luchas, oía las risas detrás de mí...;;;;;;;;;x;
EVTDESC_BUDO_257;The end of the Budo has come, and I have learned much from the skilled samurai who attended. Both my swordsmanship and archery have improved.;La Budo est à présent terminée et j'ai beaucoup appris au contact des guerriers expérimentés. J'ai progressé à la fois dans le maniement de l'épée et au tir à l'arc.;Das Ende des Budo ist gekommen und ich habe viel von den erfahrenen, teilnehmenden Kriegern gelernt. Sowohl meine Fechtkunst, als auch mein Bogenschießen, ist besser geworden. ;;?Ha llegado el final del torneo Budo, y he aprendido mucho de habilidosos guerreros que participaron en este.   Mi habilidad con la espada como con la espada han aumentado.;;;;;;;;;x;
EVTDESC_BUDO_258;The Budo has reached its end, and the combat techniques I had practised did not work well against real, thinking opponents. I am not quite the fighter I thought I was...;La Budo est à présent terminée et les techniques de combat que j'avais mises au point n'ont pas été très efficaces face à de vrais adversaires. Je ne suis pas le guerrier que j'espérais...;Der Budo hat sein Ende erreicht und die Kampftechniken, die ich geübt hatte, haben nicht viel gegen reale, denkende Gegner funktioniert. Ich bin nicht ganz der Kämpfer, der ich zu sein glaubte... ;;El torneo Budo ha llegado a su final, y las técnicas de combate que había practicado no han dado muy buenos resultados contra oponentes reales y pensantes.  No sé pelear tan bien como había pensado...;;;;;;;;;x;
EVTDESC_BUDO_259;As my opponent skillfully plunged his blade into my belly and I fell on my back, I reflected briefly on the unfairness of the universe. Then I focused on my fading heartbeat as the blue sky above turned darker and darker...;Alors que mon adversaire plonge la lame de son épée au fond de mes entrailles et que je tombe en arrière, je comprends à quel point la vie est injuste. Puis je me concentre sur les battements de mon cœur qui se font plus lents, tandis qu'au-dessus de moi, le ciel devient de plus en plus sombre...;Als mein Gegner sein Schwert gekonnt in meinen Bauch tauchte und ich auf meinen Rücken fiel, dachte ich kurz über die Ungerechtigkeit des Universums nach. Dann konzentrierte ich mich auf meinen schwächer werdenden Herzschlag, als der blaue Himmel dunkler und dunkler wurde... ;;Mientras mi oponente enterraba habilidosamente su espada en mi estómago y caía de espaldas, reflexioné sobre lo injusto del universo. Luego me concentré en los latidos de mi corazón que disminuían poco a poco mientras el cielo azul se hacía más y más negro...;;;;;;;;;x;
EVTDESC_BUDO_260;The melee was going well when the kanabo came crashing down upon me, I managed to block it but my shield shatter under the force of the blow. The next swing came crashing down and the darkness overtook me.;La mêlée se présentait bien avant que la masse ne s’abatte sur moi. J’ai réussi à la bloquer, mais mon bouclier n’y a pas résisté. Le coup suivant a eu raison de moi et j’ai plongé dans l’obscurité.;Der Nahkampf lief gut für mich. Als der Kanabo auf mich niedersauste, konnte ich ihn abblocken, wobei allerdings mein Schild zu Bruch ging. Dann kann der nächste Schlag und um mich wurde es dunkel ...;;El combate iba bien hasta que aquella maza cayó sobre mí. Pude cubrirme, pero mi escudo quedó hecho añicos ante la fuerza del golpe. Entonces, recibí el siguiente mazazo y todo se volvió oscuro.;;;;;;;;;x
EVTOPTA_BUDO_260;When I awoke I was maimed.;À mon réveil, j’étais estropié(e).;Als ich erwachte, war ich verstümmelt.;; Al despertar, vi mi cuerpo lisiado.;;;;;;;;;x
EVTDESC_BUDO_261;I was facing an opponent in a game of Go, and while pondering my opening moves, the game next to ours turned violent. One of the players hurled the board aside to pull out his katana, sending Go pieces flying everywhere. One of White's pieces struck me in the eye.;En pleine partie d'échecs, et alors que je réfléchissais aux différentes possibilités s'offrant à moi, la partie se jouant à côté de nous a dégénéré. En dégainant son cimeterre, l'un des joueurs a fait tomber le plateau de jeu, projetant des pièces un peu partout. J'ai été blessé à l'œil par un fou blanc !;Ich begegnete einem Gegner im Schach, und während ich meinen Eröffnungszug abwägte, wurde das Spiel neben uns gewalttätig. Einer der Spieler schleuderte das Brett zur Seite, um seinen Krummsäbel zu ziehen, wodurch die Schachfiguren in alle Himmelsrichtungen folgen. Einer der weißen Läufer traf mich im Auge. ;;Me enfrentaba a un oponente en un juego de ajedrez, y mientras pensaba mi movida inicial, la partida al lado nuestro se puso violenta. Uno de los jugadores tiró la mesa a un lado para sacar su cimitarra, e hizo volar las piezas de ajedrez por todo el lugar. Uno de los alfiles blancos me dio en el ojo.;;;;;;;;;x;
EVTOPTA_BUDO_261;That is an illegal move!;Ce coup n'est pas permis !;Das ist ein ungültiger Spielzug!;;¡Eso es un movimiento ilegal!;;;;;;;;;x;
EVTDESC_BUDO_262;We advanced forth into the Melee, but then I saw our foes and suddenly my bowels loosened and guts turned to water. My comrades all looked on me in disgust.;Nous nous jetâmes dans la mêlée, mais je vis nos ennemis et mes tripes se retournèrent soudainement. Tous mes camarades me regardèrent avec dégoût.;Wir waren gerade in den Nahkampf eingetreten, aber dann habe ich unsere Gegner gesehen, und plötzlich drehte sich mir der Magen um und ich musste mich übergeben. Meine Kameraden schauten mich alle voller Abscheu an. ;;Avanzamos adelante en el cuerpo a cuerpo, pero entonces vi a nuestros enemigos y de repente me flojearon las piernas y se me hicieron las tripas agua. Todos mis camaradas me miraron disgustados.;;;;;;;;;x
EVTDESC_BUDO_263;The melee was fought and I went boldly forth, while other stood back I charged forth headless of my own safety.;La mêlée suivait son cours, je progressais et, alors que mon adversaire reculait, j’ai chargé sans penser à ma propre sécurité.;Der Nahkampf war im Gange und ich preschte ungeachtet meiner eigenen Sicherheit mutig voran, während sich die anderen zurückhielten.;;Luchamos y avancé con valentía. Mientras otros retrocedían, yo cargaba hacia adelante poniendo en riesgo mi vida.;;;;;;;;;x
EVTDESC_BUDO_264;There were many who doubted my fighting ability, but when we rode our horses into mock battle only to be ambushed by our opponents, I was the one who led us to victory against all odds.;Nombreux étaient ceux qui doutaient de mes compétences au combat, mais lorsque nous avons chevauché nos montures pour procéder à une démonstration et que nos faux adversaires nous ont tendu une embuscade, c'est moi qui ait mené notre troupe à cette victoire improbable.;Es gab viele, die an meinen kämpferischen Fertigkeiten zweifelten, doch als wir auf unseren Pferden in ein Scheingefecht ritten, nur um unsere Gegner aufzulauern, war ich derjenige, der uns allen Widrigkeiten zum Trotz zum Sieg führte. ;;Muchos dudaban de mis habilidades en la batalla, pero cuando cabalgué en mis caballos en un simulacro de batalla hacia una emboscada de mis oponentes, yo fui quien los condujo a una victoria imposible.;;;;;;;;;x;
EVTDESC_BUDO_265;As we rode our horses into battle in yet another test of skill, I devised a clever ambush against our opponents. We prevailed despite being outnumbered.;Alors que nous chevauchions nos montures pour un nouveau test de compétences, j'ai mis au point une embuscade contre nos adversaires. Et bien qu'en sous-effectif, nous avons remporté la victoire !;Als wir auf unseren Pferden in den Kampf ritten, um erneut unsere Fertigkeiten unter Beweis zu stellen, dachte ich mir einen kleveren Hinterhalt gegen unsere Gegner aus. Wir setzten uns durch, obwohl wir in Unterzahl waren. ;;Mientras cabalgábamos hacia la batalla en otra prueba a nuestras habilidades, advertí una astuta emboscada de nuestros oponentes. Hemos vencido a pesar de ser superados en número.;;;;;;;;;x;
EVTOPTA_BUDO_265;Many victories will follow.;À l'avenir, les victoires seront nombreuses.;Es werden viele Siege folgen, Insha'Allah. ;;Seguirán muchas victorias, Insha'Allah.;;;;;;;;;x;
EVTDESC_BUDO_266;Many believe that Go is the ultimate test of strategy, and if this is true, your brilliance as a general is undeniable. All who have mustered the courage to challenge you in this game have met with defeat.;Beaucoup pensent que la partie d'échecs est le test de stratégie le plus important, et si cela est vrai, alors votre intelligence supérieure est indéniable. Tous ceux qui ont eu l'audace de vous affronter à ce jeu ont subi une cuisante défaite.;Viele glauben, dass Schach der ultimative Strategietest ist, und sollte dies wahr sein, ist Eure Brillianz als General nicht zu leugnen. Alle, die die Courage hatten, Euch in diesem Spiel herauszufordern, mussten eine Niederlage einstecken.;;Muchos creen que el ajedrez es la prueba de fuego de la estrategia, y es verdad, pues tu brillantez como general es incuestionable. Quienes han reunido el valor para enfrentarte en el juego han mordido el polvo. ;;;;;;;;;x;
EVTOPTA_BUDO_266;Victorious;Victoire !;Siegreich;;¡Victoria!;;;;;;;;;x
EVTDESC_BUDO_267;You are renowned for your skills in strategy and planning, but several defeats in mock battles due to embarrassing mistakes on your part have put this reputation into question.;Vous êtes désormais reconnu pour vos talents de stratège et d'organisateur, mais les quelques défaites que vous avez subies lors des combats fictifs et dues à des erreurs de votre part ont remis votre réputation en question.;Ihr seid für Eure strategischen und planerischen Fertigkeiten berühmt, doch viele Niederlagen in Scheingefechten, aufgrund peinlicher Fehler von Eurer Seite, stellen Euren Ruf in Frage. ;;Tus dotes en la estrategia y planificación son célebres, pero muchas derrotas simulacros de batallas causadas por vergonzosos errores de tu parte han puesto en duda tu reputación.;;;;;;;;;x;
EVTDESC_BUDO_268;No matter how hard you try, you cannot wrap your head around this stupid game called Go. Your opponents always seem to be several moves ahead of you.;Malgré tous vos efforts, et Dieu sait qu'ils sont nombreux, vous n'arrivez toujours pas à comprendre le fonctionnement de ce jeu stupide que sont les échecs. Vos adversaires semblent toujours avoir une longueur d'avance sur vous.;Egal wie sehr Ihr Euch bemüht, Ihr könnt dieses Schach genannte Spiel nicht durchblicken. Eure Gegner scheinen Euch immer einige Schritte voraus zu sein. ;;No importa cuánto lo intentes, no puedes lograr entender ese juego tan idiota que es el ajedrez. Pareciera que tus oponentes siempre están varios pasos adelante de ti.;;;;;;;;;x;
EVTDESC_BUDO_269;In a recent melee the toughness I habitually show has been proven to be misguided.;Au cours d’une récente mêlée, la force dont je fais habituellement preuve a été mise à mal.;In einem kürzlichen Nahkampf hat sich die Zähigkeit, die ich gewohnheitsmäßig an den Tag lege, als Fehler erwiesen.;;En un combate reciente, he demostrado no poseer tanta fortaleza como pensaban.;;;;;;;;;x
EVTOPTA_BUDO_269;I feel lessened;Je me sens moins fort(e).;Ich fühle mich degradiert;;Me siento inferior.;;;;;;;;;x
EVTDESC_BUDO_270;I have emerged from the Budo as the finest warrior of the land. I have bested all challengers, and my skills at archery and horsemanship have proved second to none.;Au terme de la Budo, il est apparu que j'étais le plus grand guerrier de tous les environs. J'ai vaincu mes adversaires et mes talents d'archer et de cavalier sont restés inégalés.;Ich bin aus dem Budo als bester Krieger des Landes hervorgegangen. Ich habe alle Herausforderer geschlagen und meine Fertigkeiten im Bogenschießen und dem reiterlichen Können allen bewiesen. ;;He finalizado el Budo como el mejor guerrero de la tierra. He vencido a todos quienes me han desafiado. Mis habilidades como arquero y jinete no tienen parangón.;;;;;;;;;x;
EVTDESC_BUDO_271;I have been declared the second champion of the Budo. Few are those who can match my martial prowess.;J'ai été désigné deuxième de la compétition ! Rares sont ceux qui peuvent égaler mes talents de guerrier.;Ich wurde zum zweiten Champion des Budo ernannt. Es gibt nur wenige, die an meine kriegerische Tapferkeit herankommen.;;He resultado segundo campeón del Budo. Pocos son capaces de igualar mi destreza marcial.;;;;;;;;;x;
EVTDESC_BUDO_272;I have been named third champion of the Budo. My efforts in these competitions have proved that I belong in a small circle of elite samurai.;J'ai été désigné troisième de la compétition. Les efforts fournis à chaque épreuve ont été payants et me permettent d'intégrer le cercle restreint des guerriers d'élite.;Ich wurde zum dritten Champion des Budo ernannt. Meine Bemühungen in diesen Wettkämpfen haben bewiesen, dass ich zu einem kleinen Kreis elitärer Krieger gehöre.;;Me he convertido en el tercer campeón del Budo. Mis esfuerzos en estas competiciones han demostrado que formo parte de un pequeño círculo de guerreros de élite.;;;;;;;;;x;
EVTDESC_BUDO_273;Though I did not participate myself, I felt particularly drawn to the sumo challenges of the Budo...;Même si je n'ai pas participé à la compétition, j'ai tout de suite su que la lutte n'était pas un sport fait pour moi...;Auch wenn ich nicht persönlich teilgenommen habe, fühlte ich mich besonders zu den Ringer-Herausforderungen des Budo hingezogen...;;Aunque no participé personalmente, sentí un interés particular por los combates del Budo...;;;;;;;;;x;
EVTDESC_BUDO_274;Tournaments are such fun, and it is not just the taking part it is all the other entertainments available. Then I noticed a strange sore on my body in a place I would much rather not mention.;Les tournois sont plaisants et j’ai apprécié de participer aux différentes activités proposées. Mais j’ai ressenti une étrange douleur à un endroit que je n’ose mentionner.;Turniere machen so viel Spaß. Es ist nicht nur die Teilnahme an den Kämpfen, sondern auch das ganze Drumherum. Dann aber bemerkte ich, dass sich ein Körperteil, den ich besser nicht beim Namen nenne, merkwürdig wund anfühlte.;;Los torneos son tan divertidos... No todo es participar, también puedes encontrar otro tipo de diversión. En aquel momento, me vino una extraña picazón en un lugar del cuerpo que mejor no mencionaré.;;;;;;;;;x
EVTOPTA_BUDO_274;Probably nothing to worry about;Il n’y a sûrement pas lieu de s’en inquiéter.;Wahrscheinlich nichts, das einen sorgen müsste;;Seguro que no es nada preocupante.;;;;;;;;;x
EVTDESC_BUDO_275;My shortcomings in the Budo competitions do not seem quite as significant after helping myself to a healthy serving of sake...;Les défauts qui furent les miens lors de la Budo ne m'ont plus semblé aussi terribles après de généreux verres de saké...;Meine Unzulänglichkeiten während der Budo-Wettbewerbe scheinen nicht so signifikant zu sein, nachdem ich mir zu einer gesunden Portion Sake verholfen hatte... ;;Mis defectos en las competiciones del Budo no parecen tan importantes después de tomarme una buena copa de sake...;;;;;;;;;x;
EVTDESC_BUDO_276;While I was at the tournament some lower class type with pretensions insulted my honor. I could only do what a man of my class could do and challenged him to a duel. Naturally he was no match for me.;Lors du tournoi, un homme issu d’une classe inférieure a piqué mon honneur au vif. J’ai fait ce qu’une personne mon rang doit faire et je l’ai défié en duel. Bien sûr, il n’était pas en mesure de rivaliser avec moi.;Auf dem Turnier beleidigte so ein anmaßender Hundsfott meine Ehre. Da blieb einem Manne meines Ranges nur eine Wahl: Ich forderte ihn zum Duell heraus. Natürlich hatte er keine Chance gegen mich.;;Durante el torneo, un pretencioso tipejo de baja alcurnia puso en duda mi honor. Hice lo que haría cualquier hombre de mi categoría: lo reté a un duelo. Por supuesto, no era rival para mí.;;;;;;;;;x
EVTOPTA_BUDO_276;I learnt something about myself.;J’ai appris quelque chose me concernant.;Ich lernte etwas über mich selbst.;;Aprendí algo de mí mismo.;;;;;;;;;x
EVTDESC_BUDO_277;As I waited my turn in the archery contest, I came across samurai who were plotting together to gain an advantage in the next bout. I listened carefully to their plan and I instantly saw the flaws.;Alors que j'attendais mon tour lors du concours d'archers, j'ai croisé deux Bédouins, de féroces guerriers, qui projetaient de se venger d'un jeune noble qui venaient de les humilier. J'ai observé les deux hommes entailler la sangle de la selle, suffisamment pour qu'elle se rompe lors du défi d'équitation.;Während ich darauf wartete, dass ich im Bogenschießen-Wettbewerb an der Reihe war, lief ich zwei Beduinen über den Weg, beide grimmige Krieger, die sich miteinander gegen einen jungen Adeligen verschworen, der sie als Wüstengesindel bezeichnet hatte. Ich sah, wie sie vorsichtig den Sattelgurt des Adeligen anschnitten -  gerade genug um sicherzustellen, dass er während des anstehenden Reit-Wettbewerbs reißen würde.;;Mientras aguardaba mi turno en la competición de tiro con arco, me crucé con dos beduinos, ambos temibles guerreros. Conspiraban para vengarse de un joven noble que les había descartado y llamado chusma del desierto. Vi como cortaban la cincha de la silla de montar del noble justo lo necesario para garantizar que resbalara durante el próximo torneo.;;;;;;;;;x;
EVTDESC_BUDO_278;As I waited my turn in the archery contest, I came across samurai who were plotting together to gain an advantage in the next bout. I told them to face the man directly instead of scheming behind his back like bitter old women!;Alors que j'attendais mon tour lors du concours d'archers, j'ai croisé deux Bédouins, de féroces guerriers, qui projetaient de se venger d'un jeune noble qui venaient de les humilier. J'ai observé les deux hommes entailler la sangle de la selle, suffisamment pour qu'elle se rompe lors du défi d'équitation.;Während ich darauf wartete, dass ich im Bogenschießen-Wettbewerb an der Reihe war, lief ich zwei Beduinen über den Weg, beide grimmige Krieger, die sich miteinander gegen einen jungen Adeligen verschworen, der sie als Wüstengesindel bezeichnet hatte. Ich sah, wie sie vorsichtig den Sattelgurt des Adeligen anschnitten -  gerade genug um sicherzustellen, dass er während des anstehenden Reit-Wettbewerbs reißen würde.;;Mientras aguardaba mi turno en la competición de tiro con arco, me crucé con dos beduinos, ambos temibles guerreros. Conspiraban para vengarse de un joven noble que les había descartado y llamado chusma del desierto. Vi como cortaban la cincha de la silla de montar del noble justo lo necesario para garantizar que resbalara durante el próximo torneo.;;;;;;;;;x;
EVTDESC_BUDO_279;Learned men from all around the land have come to the Budo to observe the spectacle and share insights and wisdom with each other. Between bouts in the sumo arena, I spent some time listening to their discussions and learned much about how best to rule the land.;Des hommes de sciences sont venus de tout le pays pour observer le spectacle de la Budo et partager leurs avis et leurs réflexions. Entre deux combats à l'arène, je les ai écoutés échanger des propos et je suis désormais incollable sur la façon de gouverner un pays.;Gelehrte Männer aus dem ganzen Land sind zu dem Budo gekommen, um das Spektakel zu beobachten und Wissen und Weisheit unter einander auszutauschen. Zwischen den Runden in der Ringer-Arena, verbrachte ich viel Zeit damit, ihren Diskussionen zu lauschen und so viel wie möglich zu lernen, wie man das Land am besten regiert. ;;Sabios de todas partes del mundo han venido al Budo para ver el espectáculo y compartir ideas y sabiduría entre sí. Durante los períodos entre combates en la arena puede escuchar sus conversaciones y aprendí mucho sobre las mejores formas de gobernar.;;;;;;;;;x;
EVTDESC_BUDO_280;Learned men from all around the land have come to the Budo to observe the spectacle and share insights and wisdom with each other. I joined one of their debates and offered my own opinions on how to govern, and it caused quite an argument with many Lords disagreeing with my stance, but the more I talked the more I convinced myself that I was right.;Des hommes de sciences sont venus de tout le pays pour observer le spectacle de la Budo et partager leurs avis et leurs réflexions. Je me suis permis d'intervenir dans l'un de leurs débats et leur ai offert mon opinion sur la façon de régir un pays. Ils m'ont tous ri au nez !;Gelehrte Männer aus dem ganzen Land sind zu dem Budo gekommen, um das Spektakel zu beobachten und Wissen und Weisheit unter einander auszutauschen. Ich nahm an einer ihrer Debatten teil und bot meine eigene Meinung, wie man regieren sollte, nur um von ihnen ins Gesicht gelacht zu bekommen! ;;Sabios de todas partes del mundo han venido al Budo para ver el espectáculo y compartir ideas y sabiduría entre sí. Me uní a unos de sus debates y ofrecí mis propias opiniones sobre el modo de gobernar. ¡Se rieron de mí en la cara!;;;;;;;;;x;
EVTDESC_BUDO_281;I was simply passing time at the tournament when I saw two samurai argue over honor. I knew straight away that the argument was spurious and the result would be unnecessary bloodshed. So I stepped in prevented it.;Lors du tournoi, j’ai surpris la conversation de deux chevaliers qui débattaient de la question de l’honneur. J’ai très vite compris qu’ils ne parviendraient pas à se mettre d’accord et que le sang allait couler. J’ai réagi pour éviter qu’une telle chose arrive.;Ich vertrieb mir auf dem Turnier gerade die Zeit, als ich zwei Ritter über Ehre streiten sah. Ich erkannte sofort, dass es ein ernster Streit war, der in unnötigem Blutvergießen enden würde. Deshalb schritt ich ein, um dies zu verhindern.;;Tan solo estaba pasando el rato en el torneo, cuando vi a dos caballeros hablar sobre el honor. Yo ya sabía que esta discusión era espinosa y que se derramaría sangre innecesariamente, así que me inmiscuí y evité la situación.;;;;;;;;;x
EVTDESC_BUDO_282;I was simply passing time at the tournament when I saw two samurai argue over honor. I knew straight away that the argument was spurious and the result would be unnecessary bloodshed. I attempted to mediate the dispute and they tell me that at least one of the samurai should survive the resulting duel.;Lors du tournoi, j’ai surpris la conversation de deux chevaliers qui débattaient de la question de l’honneur. J’ai très vite compris qu’ils ne parviendraient pas à se mettre d’accord et que le sang allait couler. J’ai tenté une médiation, mais ils m’ont dit qu’un seul chevalier survivrait à l’inévitable duel.;Ich vertrieb mir auf dem Turnier gerade die Zeit, als ich zwei Ritter über Ehre streiten sah. Ich erkannte sofort, dass es ein ernster Streit war, der in unnötigem Blutvergießen enden würde. Ich versuchte zu vermitteln, doch sie sagten mir, dass mindestens einer von ihnen das Duell überleben sollte.;;solo estaba pasando el rato en el torneo, cuando vi a dos caballeros hablar sobre el honor. Yo ya sabía que esta discusión era espinosa y que se derramaría sangre innecesariamente, así que intenté mediar y me dijeron que solo uno de ellos podía quedar vivo en el duelo que iban a disputar.;;;;;;;;;x
EVTDESC_BUDO_283;Riders have been sent to all the corners of the land, spreading word that the great martial competition of Budo will soon be held.;Des cavaliers ont été envoyés aux quatre coins du pays pour informer les seigneurs de la prochaine tenue de la Budo.;Reiter wurden in alle Ecken des Landes geschickt, um bekannt zu geben, dass der große, kriegerische Budo bald abgehalten wird. ;;Se han enviado jinetes a todos los rincones de la tierra para hacer saber que pronto tendrá lugar la gran competición marcial de Budo.;;;;;;;;;x;
EVTDESC_BUDO_284;[From.GetTitledName] has been named first champion of my great Budo.;[From.GetTitledName] a été désigné grand champion de la compétition de Budo.;[From.GetTitledName] wurde zum ersten Champion meines großen Budo. ;;[From.GetTitledName] ha sido proclamado primer campeón de mi gran Budo.;;;;;;;;;x;
EVTDESC_BUDO_285;[From.GetTitledName] has performed well enough to be named second champion of my great Budo.;Au vu de ses performances remarquables, [From.GetTitledName] décroche la deuxième place de la compétition de Budo.;[From.GetTitledName] ist gut genug aufgetreten, um zum zweiten Champion meines großen Budo ernannt zu werden. ;;[From.GetTitledName] lo ha hecho lo bastante bien para ser proclamado segundo campeón de mi gran Budo.;;;;;;;;;x;
EVTDESC_BUDO_286;The third champion of my Budo is none other than [From.GetTitledName].;Le troisième champion de Budo n'est autre que [From.GetTitledName].;Der dritte Champion meines Budo ist niemand anderer als [From.GetTitledName].;;El tercer campeón de mi Budo no es otro que [From.GetTitledName].;;;;;;;;;x;
EVTDESC_BUDO_287;The great Budo competition of [From.GetTitledName] has sadly been cancelled due to war.;La grande Budo de [From.GetTitledName] a malheureusement dû être annulée en raison de la guerre qui fait rage dans le pays.;Der große Budo-Wettbewerb von [From.GetTitledName] wurde aufgrund des Krieges leider abgesagt. ;;Lamentablemente, la gran competición Budo de  [From.GetTitledName] se ha cancelado debido a la guerra.;;;;;;;;;x;
EVTDESC_BUDO_288;Master, your honored guest, [From.GetTitledName], has sadly perished during the events of the Budo.;Maître, votre invité d'honneur, [From.GetTitledName], a trouvé la mort au cours de la Budo.;Meister, Euer verehrter Gast, [From.GetTitledName], ist trauigerweise während des Budo-Ereignisses ums Leben gekommen. ;;Maestro, vuestro distinguido siervo, [From.GetTitledName], por desgracia ha perecido durante los eventos del Budo.;;;;;;;;;x;
EVTDESC_BUDO_289;Master, your honored guest, [From.GetTitledName], has sadly been maimed during the events of the Budo.;Maître, votre invité d'honneur, [From.GetTitledName], a malheureusement été mutilé au cours de la Furûsiyya.;Meister, Euer verehrter Gast, [From.GetTitledName], wurde während des Budo-Ereignisses zum Krüppel gemacht. ;;Maestro, vuestro distinguido siervo, [From.GetTitledName], por desgracia ha sido mutilado durante los eventos del Budo.;;;;;;;;;x;
EVTOPTA_BUDO_289;May [From.GetSheHe] recover swiftly.;Pourvu qu'[From.GetSheHe] récupère vite.;Möge [From.GetSheHe] schnell wieder gesund werden.;;Le deseo que se recupere pronto.;;;;;;;;;x;
EVTDESC_BUDO_290;Master, your honored guest, [From.GetTitledName], has sadly suffered serious wounds during the events of the Budo.;Maître, votre invité d'honneur, [From.GetTitledName], a malheureusement essuyé de graves blessures lors de la Furûsiyya.;Meister, Euer verehrter Gast, [From.GetTitledName], wurde während des Budo-Ereignisses schwer verwundet.;;Maestro, vuestro distinguido siervo, [From.GetTitledName], por desgracia ha sufrido heridas graves durante los eventos del Budo.;;;;;;;;;x;
EVTDESC_BUDO_291;As death closes in on me and I prepare for the life hereafter, I spare a thought for the great Budo I had planned. Sadly the competition will end upon my passing, and the fighters will have to find some other way to prove their worth.;Alors que la mort se rapproche et que je me prépare à passer dans l'au-delà, j'ai une pensée pour le grand tournoi que j'ai organisé. Malheureusement, ma mort va mettre un terme à la compétition et les combattants devront trouver un autre moyen de prouver leur valeur.;Als sich der Tod nähert und ich mich auf mein Nachleben vorbereite, gönne ich mir einen Gedanken an den großen Budo, den ich geplant hatte. Leider wird der Wettbewerb an meinem Tod enden, und die Kämpfer werden einen anderen Weg finden müssen, um ihren Wert unter Beweis stellen zu können.;;Mientras la muerte me acecha y me preparo para la otra vida, dedico mis últimos pensamientos al gran Budo que planeé. Lamentablemente, cuando la competición termine yo ya habré muerto y los luchadores tendrán que buscar alguna otra forma de demostrar su valía.;;;;;;;;;x;
EVTOPTA_BUDO_291;May those I ruled remember me for my wisdom.;Que ceux que j'ai dirigés se souviennent de moi pour ma sagesse.;Mögen diejenigen über die ich herrsche, mich für meine Weisheit erinnern.;;Que mis súbditos me recuerden por mi sabiduría.;;;;;;;;;x;
EVTDESC_BUDO_292;Peace be upon you, [Root.GetTitledFirstName]. Due to the sudden and unexpected passing of [From.GetTitledFirstName], the Budo has sadly been cancelled.\n\nSigned, \n[Root.Liege.GetTitledFirstName];Que la paix soit avec vous, [Root.GetTitledFirstName]. En raison de la mort soudaine et inattendue de [From.GetTitledFirstName], la Furûsiyya doit être annulée.\n\nSigné, \n[Root.Liege.GetTitledFirstName] ;Friede sei mit Euch, [Root.GetTitledFirstName]. Aufgrund des plötzlichen und unerwarteten Dahinscheidens von [From.GetTitledFirstName], muss der Budo leider abgesagt werden .\n\nGezeichnet, \n[Root.Liege.GetTitledFirstName];;Que la paz esté contigo, [Root.GetTitledFirstName]. Debido al repentino e inesperado fallecimiento de [From.GetTitledFirstName], el Budo ha sido cancelado. \n\nFirmado, \n[Root.Liege.GetTitledFirstName];;;;;;;;;x;
EVTDESC_BUDO_300;[From.GetTitledName] has decided to hold a great Budo martial competition, and has sent invitations out to warriors across the land. As [From.GetSheHe] is of the same house as you, this initiative has reduced the decadence of your entire dynasty in the eyes of the people.;[From.GetTitledName] a décidé d'organiser une Budo, un grand tournoi martial, et a envoyé des invitations à tous les guerriers des environs. Comme [From.GetSheHe] fait partie de la même maison que vous, cette heureuse initiative a redonné un peu d'éclat à l'image décadente de votre dynastie.;[From.GetTitledName] hat sich entschieden, einen großen Budo kriegerischen Wettbewerb zu veranstalten, und hat Einladungen an Krieger im ganzen Land verschickt. Da [From.GetSheHe] vom selben Hause ist wie Ihr, hat diese Initiative die Dekadenz Eurer gesamten Dynastie in den Augen der Menschen verringert.;;[From.GetTitledName] ha decidido celebrar una gran competición marcial de Budo y ha invitado a los guerreros del país. Como [From.GetSheHe] pertenece a tu misma casa, la iniciativa ha reducido la decadencia de toda tu dinastía ante los ojos del pueblo.;;;;;;;;;x;
EVTDESC_BUDO_301;[From.GetTitledName] has been declared as the winner of a great Budo martial competition! This triumph reflects well on how decadent the people see your entire dynasty, as you are of the same house.;[From.GetTitledName] a été déclaré grand vainqueur du grand tournoi martial ! Ce triomphe permet de redorer l'image décadente que votre dynastie donnait au reste du monde, puisque le grand vainqueur et vous faites partie de la même maison.;[From.GetTitledName] wurde zum Gewinner des großen Budo kriegerischen Wettbewerb ernannt! Dieser Triumph reflektiert genau wie dekadent Eure gesamte Dynastie, da Ihr vom selben Haus seid, in den Augen der Menschen ist. ;;¡[From.GetTitledName] ha sido el ganador de una gran competición marcial de Budo! Este triunfo refleja cuán decadente considera el pueblo a tu dinastía, dado que perteneces a la misma casa.;;;;;;;;;x;
EVTDESC_BUDO_302;[From.GetTitledName] has been declared the second champion of a great Budo martial competition! This accomplishment has reduced the decadence of your entire dynasty in the eyes of the people, as you and [From.GetFirstName] are of the same house.;[From.GetTitledName] a été déclaré deuxième champion du grand tournoi martial ! Cet accomplissement permet de gommer le sentiment de décadence qui régnait au sein de votre dynastie, car [From.GetFirstName] et vous faites partie de la même maison.;[From.GetTitledName] wurde zum zweiten Champion des großen Budo Kriegs-Wettbewerbs ernannt! Diese Leistung hat die Dekadenz Eurer gesamten Dynastie in den Augen der Menschen reduziert, da Ihr und [From.GetFirstName] vom selben Haus seid.;;¡[From.GetTitledName] ha sido el segundo ganador de una gran competición marcial de Budo! Este logro ha reducido la decadencia de toda tu dinastía ante los ojos del pueblo, dado que tú y [From.GetTitledName] pertenecéis a la misma casa.;;;;;;;;;x;
EVTDESC_BUDO_303;[From.GetTitledName] has won third place in a great Budo martial competition! People now view your whole dynasty as slightly less decadence, as you and [From.GetFirstName] are of the same house.;[From.GetTitledName] décroche la troisième place du grand tournoi martial ! Les gens ont désormais une image moins négative de votre dynastie, car [From.GetFirstName] et vous faites partie de la même maison.;[From.GetTitledName] hat den dritten Platz in einem großen Budo Kriegs-Wettbewerb belegt! Die Menschen sehen Eure gesamte Dynastie nun als etwas weniger dekadent an, da Ihr und Euer [From.GetFirstName] vom selben Haus ist.;;¡[From.GetTitledName] ha sido el tercer ganador de una gran competición marcial de Budo! El pueblo ve ahora a tu dinastía como algo menos decadente, dado que tú y [From.GetTitledName] pertenecéis a la misma casa.;;;;;;;;;x;
EVTDESC_BUDO_5;The week before the tournament was a stressful one. Stands for the spectators had to be erected, the Samurai who arrived needed housing and my armor had to be refitted.;La semaine qui a précédé le tournoi a été éprouvante. Il a fallu installer des tribunes pour les spectateurs, héberger les samouraïs qui affluaient et remettre mon armure en état.;Die Woche vor dem Turnier war anstrengend. Zuschauertribünen mussten errichtet werden, die anreisenden Samurai brauchten Unterkünfte, und meine Rüstung musste neu angepasst werden.;;La semana previa al torneo fue muy estresante. Debían erigirse gradas para los espectadores, los samurái que venían precisaban alojamiento y mi armadura debía ser remodelada.;;;;;;;;;x
EVTOPTE_BUDO_5;The sake will flow afterwards!;Le saké va couler à flot !;Hinterher wird der Sake in Strömen fließen!;;¡Después correrá el sake!;;;;;;;;;x
######;#;#;#;;#;;;;;;;;;x
EVTDESCSumo.10;Sumo wrestling is scheduled to be held soon. Two yokozuna from different stables will be competing for glory in the ring. You may choose to throw your weight behind one of them and bet on them in a show of support.;Sumo est prévue pour avoir lieu prochainement. Deux yokozuna des écuries différentes seront en compétition pour la gloire sur le ring. Vous pouvez choisir de lancer votre poids derrière l'un d'eux et parier sur eux en signe de soutien.;Sumoringen wird bald stattfinden. Zwei Yokozuna aus verschiedenen Ställen werden gegeneinander für den Ruhm im Ring antreten. Ihr könnt Euch hinter einen der Beiden stellen, und wetten als Zeichen Eurer Unterstützung.;;Sumo wrestling está previsto que se celebre en breve. Dos yokozuna de diferentes establos estarán compitiendo por la gloria en el ring. Usted puede optar por lanzar su peso detrás de uno de ellos y apostar por ellos en una muestra de apoyo.;;;;;;;;;x
EVTOPTASumo.10;Support the one in the blue mawashi.;Soutenir l'un dans le mawashi bleu.;Unterstützt den im Blauen mawashi.;;Apoyar el uno en el mawashi azul.;;;;;;;;;x
EVTOPTBSumo.10;Support the one in the green mawashi.;Soutenir l'un dans le mawashi vert.;Unterstützt den im Grünen mawashi.;;Apoyar el uno en el mawashi verde.;;;;;;;;;x
EVTOPTCSumo.10;I have no time for that.;Je n'ai pas de temps pour ça.;Ich habe keine Zeit dafür.;;No tengo tiempo para eso.;;;;;;;;;x
sumo_nobet;You wash your hands of sumo wrestling.;Vous lavez-vous les mains du sumo.;Ihr wollt mit Sumoringen nichts mehr zu tun haben .;;Te lava las manos de la lucha de sumo.;;;;;;;;;x
EVTTOOLTIPSumo.11;Blue winning.;Bleus gagne.;der Blaue gewinnt.;;Azul va ganando.;;;;;;;;;x
EVTDESCSumo.11;It was close, but Blue emerged as the winner after a tense finish. When the triumphant Blue wrestler passes your seat he bows his head as a sign of respect and gratitude.Il était proche, mais bleu est sorti vainqueur après une finale tendue. Lorsque le lutteur triomphant passe de votre siège, il incline la tête en signe de respect et de gratitude.;Es war eng, doch der Blaue ging nach einem packenden Ende als Sieger hervor. Als der triumphierende blaue Ringer an Eurem Sitz vorbeikommt, neigt er seinen Kopf aus Respekt und Dankbarkeit.;;Estaba cerca, pero el azul emergió como el ganador después de un final tenso. Cuando el luchador victorioso pasa su asiento inclina la cabeza en señal de respeto y gratitud.;;;;;;;;;x
EVTOPTASumo.11;I know how to pick a winner.;Je sais comment choisir un gagnant.;Ich weiß, wie ich einen Gewinner auswähle.;;Sé cómo pronosticar un ganador.;;;;;;;;;x
EVTTOOLTIPSumo.12;Blue losing.;Bleus perd.;der Blaue verliert.;;Azul va perdiendo.;;;;;;;;;x
EVTDESCSumo.12;Blue lost the match after a nail-biting finish. When the triumphant Green wrestler passes your seat, he flashes a gloating smile and gives you a little wave. Fortunately, your quick-thinking servants remove your sake cup before you can hurl it at him.;Bleu a perdu le match après avoir terminé ronger les ongles. Lorsque le lutteur triomphant vert passe devant votre siège, il clignote un sourire triomphant et vous donne une petite vague. Heureusement, vos serviteurs rapide pensant supprimer votre tasse de saké avant de pouvoir le lancer sur lui.;der Blaue verlor nach einer nervenaufreibendem Ende. Als der triumphierende grüne Wagenlenker an Eurem Sitz vorbeikommt, lässt er ein schadenfrohes Lächeln aufblitzen. Eure schnell denkenden Diener entfernen den Sakebecher bevor Ihr ihn werfen könnt.;;Azul perdió el partido después de un final de infarto. Cuando el luchador verde triunfante pasa su asiento, se esboza una sonrisa regodeo y te da un poco de onda. Afortunadamente, el pensamiento rápido siervos quitar su taza de sake antes de que pueda lanzar en él.;;;;;;;;;x
EVTOPTASumo.12;That little...!;Ce petit... !;Dieser kleine …!;;Ese pequeño ...!;;;;;;;;;x
EVTTOOLTIPSumo.13;Green winning.;Verts gagne.;der Grüne gewinnt.;;Verde va ganando.;;;;;;;;;x
EVTDESCSumo.13;It was close, but Green emerged as the winner after a tense finish. When the triumphant wrestler passes your seat he bows his head as a sign of respect and gratitude.Il était proche, mais verde est sorti vainqueur après une finale tendue. Lorsque le lutteur triomphant passe de votre siège, il incline la tête en signe de respect et de gratitude.;Es war eng, doch der Grüne ging nach einem packenden Ende als Sieger hervor. Als der triumphierende Ringer an Eurem Sitz vorbeikommt, neigt er seinen Kopf aus Respekt und Dankbarkeit.;;Estaba cerca, pero verde emergió como el ganador después de un final tenso. Cuando el luchador victorioso pasa su asiento inclina la cabeza en señal de respeto y gratitud.;;;;;;;;;x
EVTOPTASumo.13;I know how to pick a winner.;Je sais comment choisir un gagnant.;Ich weiß, wie ich einen Gewinner auswähle.;;Sé cómo pronosticar el ganador.;;;;;;;;;x
EVTTOOLTIPSumo.14;Green losing.;Verts perd.;der Grüne verliert.;;Verde va perdiendo.;;;;;;;;;x
EVTDESCSumo.14;Green lost the match after a nail-biting finish. When the triumphant Blue wrestler passes your seat, he flashes a gloating smile and gives you a little wave. Fortunately, your quick-thinking servants remove your sake cup before you can hurl it at him.;Vert a perdu le match après avoir terminé ronger les ongles. Lorsque le lutteur triomphant bleu passe devant votre siège, il clignote un sourire triomphant et vous donne une petite vague. Heureusement, vos serviteurs rapide pensant supprimer votre tasse de saké avant de pouvoir le lancer sur lui.;der Grüne verlor nach einer nervenaufreibendem Ende. Als der triumphierende blaue Wagenlenker an Eurem Sitz vorbeikommt, lässt er ein schadenfrohes Lächeln aufblitzen. Eure schnell denkenden Diener entfernen den Sakebecher bevor Ihr ihn werfen könnt.;;Verde perdió el partido después de un final de infarto. Cuando el luchador al azul triunfante pasa su asiento, se esboza una sonrisa regodeo y te da un poco de onda. Afortunadamente, el pensamiento rápido siervos quitar su taza de sake antes de que pueda lanzar en él.;;;;;;;;;x
EVTOPTASumo.14;That little...!;Ce petit... !;Dieser kleine …!;;Ese pequeño ...!;;;;;;;;;x
######;#;#;#;;#;;;;;;;;;x
EVTDESCSENGOKU_LIFE.5;An old woman with a creaky voice, long, white hair, and gnarled body who called herself Komachi claimed to be a great Waka poet. She has asked for lodging and promises to recite her poems for me, and perhaps she'll even write some in honor of me.;Une vieille femme à la voix grinçante, aux longs cheveux blancs, au corps noueux et répondant au nom de Komachi se présente comme une grande poétesse de waka. Elle demande le gîte et promet de me déclamer ses poèmes. Peut-être en écrira-t-elle même quelques-uns en mon honneur.;Eine alte Frau mit krächzender Stimme, langen, weißen Haaren und einem krummen Körper, die sich selbst Komachi nannte, behauptet, eine große Waka-Dichterin zu sein. Sie bittet um Unterkunft und verspricht, mir ihre Gedichte vorzutragen. Vielleicht wird sie mir zu Ehren sogar welche schreiben.;;Una anciana de voz chirriante, largo cabello blanco y cuerpo retorcido que se llamaba a sí misma Komachi pretendía ser una gran poetisa Waka. Me pide alojamiento y promete recitar sus poemas para mí, quizá incluso escriba algunos en mi honor.;;;;;;;;;x
EVTOPTASENGOKU_LIFE.5;She doesn't look like Komachi;Elle ne ressemble pas à Komachi.;Sie sieht nicht wie Komachi aus.;;No parece Komachi;;;;;;;;;x
EVTOPTCSENGOKU_LIFE.5;Recite one of your poems, please;Déclamez un de vos poèmes, s’il vous plaît.;Bitte sagt eines Eurer Gedichte auf.;;Recita uno de tus poemas, por favor;;;;;;;;;x
EVTOPTDSENGOKU_LIFE.5;Please, make yourself at home;Je vous en prie, faites comme chez vous.;Bitte, fühlt Euch ganz wie zu Hause.;;Siéntete como en tu casa.;;;;;;;;;x
EVTOPTESENGOKU_LIFE.5;Maybe she can help me with my poetry...;Elle m’aidera peut-être à écrire de la poésie...;Vielleicht kann sie mir mit meiner Dichterei helfen ...;;Quizá pueda ayudarme con mis poemas...;;;;;;;;;x
######;#;#;#;;#;;;;;;;;;x
EVTDESCSENGOKU_LIFE.10;My friend asked me if I want to play Go, but my calligraphy teacher is waiting for me...;Mon ami me propose une partie de go mais mon professeur de calligraphie m’attend...;Mein Freund fragt mich, ob ich Go spielen möchte, aber mein Kalligraphie-Lehrer wartet auf mich ...;;Mi amigo me pregunta si quiero jugar Go, pero mi profesor de caligrafía me está esperando...;;;;;;;;;x
EVTOPTASENGOKU_LIFE.10;Just one game.;Juste une partie.;Nur ein Spiel.;;Solo una partida;;;;;;;;;x
EVTOPTBSENGOKU_LIFE.10;I don't have time!;Je n’ai pas le temps !;Ich habe keine Zeit!;;¡No tengo tiempo!;;;;;;;;;x
EVTDESCSENGOKU_LIFE.11;It started out as just an ordinary, friendly game, but as time flew past and game after game was won and lost, things grew serious. So serious that I almost forgot about my calligraphy teacher...;Tout a commencé comme une partie amicale ordinaire, mais à mesure que le temps passait et que des parties s’enchaînaient, le jeu est devenu sérieux. Si sérieux que j’ai failli oublier mon professeur de calligraphie...;Es begannt als ein gewöhnliches Spiel zum Spaß, doch als die Zeit verging und Spiel um Spiel gewonnen oder verloren wurde, änderte sich das. Es wurde so ernst, dass ich fast meinen Kalligraphie-Lehrer vergaß ...;;Comenzó como una partida amistosa más, pero a medida que pasaba el tiempo, partida tras partida, el juego se volvió serio. Tan serio que casi olvidé a mi profesor de caligrafía...;;;;;;;;;x
EVTOPTASENGOKU_LIFE.11;I should go now.;Je devrais y aller maintenant.;Ich sollte jetzt gehen!;;Debería irme ya;;;;;;;;;x
EVTOPTBSENGOKU_LIFE.11;Just one more time.;Encore une partie.;Nur noch ein letztes Spiel!;;Solo una más...;;;;;;;;;x
EVTTOOLTIPSENGOKU_LIFE.12;Leave for class.;Aller au cours;Zum Unterricht gehen.;;Dejarlo e ir a clase;;;;;;;;;x
EVTTOOLTIPSENGOKU_LIFE.13;One more game.;Une dernière partie;Noch ein Spiel!;;Una partida más;;;;;;;;;x
EVTDESCSENGOKU_LIFE.12;My teacher was pleased to see me, and when I showed him my progress, he could not hide his satisfaction. I no longer needed him, though he would be happy to remain and help me if required.;Mon professeur a eu l’air content de me voir et lorsque je lui ai montré les progrès que j’avais effectués depuis notre dernière rencontre, il n’a pu masquer sa satisfaction. Je n’ai plus besoin de lui, même s’il accepte volontiers de rester pour m’aider en cas de besoin.;Mein Lehrer war erfreut, mich zu sehen, und als ich ihm meine Fortschritte seit unserem letzten Treffen zeigte, konnte er seine Zufriedenheit nicht verbergen. Jetzt brauche ich ihn nicht mehr, obwohl er gerne mein Lehrer bleiben und mir helfen würde, sollte ich Hilfe benötigen.;;Mi maestro estaba complacido de verme y cuando le mostré mi progreso desde la última vez, no podía ocultar su satisfacción. Ya no lo necesitaba más, aunque él estaría feliz de quedarse y ayudarme si alguna vez lo necesitaba.;;;;;;;;;x
EVTOPTASENGOKU_LIFE.12;I am but a novice...;Je ne suis qu’un débutant...;Ich bin nur ein Anfänger ...;;No soy más que un novato...;;;;;;;;;x
EVTOPTBSENGOKU_LIFE.12;Good! Then I can play Go.;Bien ! Alors, je peux jouer au go.;Gut! Dann kann ich Go spielen!;;¡Bien! Entonces puedo jugar Go;;;;;;;;;x
EVTDESCSENGOKU_LIFE.13;I won too many times against my friend and he left, taking his goban, goke, and goishi with him. I have already ordered a set of my own, with a floor board made of kaya, bowls of rosewood, and the white stones made of clamshell, the black ones of slate.;Mon ami en a eu assez de me voir gagner. Il est parti en emportant son goban, ses goke et ses goishi. Je me suis déjà commandé un set complet. Le tablier sera en kaya, les bols en bois de rose, les pierres blanches en coquillages et les pierres noires en ardoise.;Ich gewann zu oft gegen meinen Freund, und so ging er und nahm Goban, Goke und Goishi mit. Ich habe bereits mein eigenes Spiel bestellt: Das Brett ist aus Kaya, die Holzdosen aus Palisanderholz, die weißen Steine aus Muschelschalen und die schwarzen aus Schieferstein.;;Gané demasiadas veces a mi amigo, me dejó y se llevó su goban, goke y goishi con él. Ya he encargado mi propio juego, el tablero hecho de kaya, cuencos de palisandro y las piedras blancas hechas de concha de almeja, las negras de pizarra.;;;;;;;;;x
EVTOPTASENGOKU_LIFE.13;I just can't wait!;Je suis impatient !;Ich kann es nicht erwarten!;;¡No puedo esperar!;;;;;;;;;x
EVTOPTBSENGOKU_LIFE.13;Am I going too far?;Vais-je trop loin ?;Gehe ich zu weit?;;¿Estoy yendo demasiado lejos?;;;;;;;;;x
######;#;#;#;;#;;;;;;;;;x
EVTDESCSENGOKU_LIFE.901;[From.GetTitledFirstName] has challenged you to a friendly game of Go. This popular two player boardgame game can trace its origins back to ancient China, and is very rich in strategy despite relatively simple rules. The object of the game is to use one's stones to surround a larger total area of the board than the opponent. Will you accept the challenge?;[From.GetTitledFirstName] vous a défié à un match amical de Go. Ce populaire jeu de société jeu à deux joueurs peut retracer ses origines remontent à la Chine ancienne, et est très riche en stratégie en dépit des règles relativement simples. Le but du jeu est d'utiliser ses pierres pour entourer une plus grande surface totale de la planche que l'adversaire. Allez-vous relever le défi?;[From.GetTitledFirstName] hat Sie zu einem Testspiel von Go. Das beliebte zwei Spieler Brettspiel Go kann seine Wurzeln bis zurück ins alte China verfolgen. Trotz relativ einfacher Regeln ist sehr reich an strategischen Möglichkeiten. Das Ziel des Spiels ist es, seine Steine zu verwenden, um Surround eine größere Gesamtfläche des Vorstandes als der Gegner. Nimmst Ihr die Herausforderung an?;[From.GetTitledFirstName] te ha retado a un juego amistoso de Go. Este popular juego de mesa para dos jugadores juego puede remontar sus orígenes a la antigua China, y es muy rico en la estrategia a pesar de las reglas relativamente simples. El objeto del juego es el uso de piedras de uno a rodear un área total más grande de la junta que el del oponente. ¿Aceptas el reto?;;;;;;;;;x
EVTOPTASENGOKU_LIFE.901;Of course!;Bien sûr!;Natürlich!;;¡Por supuesto!;;;;;;;;;x
EVTOPTBSENGOKU_LIFE.901;Sadly, I have no time.;Hélas ! Je n'ai pas le temps.;Leider habe ich keine Zeit.;;Lamentablemente, no tengo tiempo.;;;;;;;;;x
EVTDESCSENGOKU_LIFE.902;You spend a wonderful afternoon, playing a tense game of Go that ends in victory for you. Your opponent is magnanimous in defeat, and you depart as friends.;Vous passez un superbe après-midi au tzykanisterion à jouer une partie très enlevée de Go qui se termine par la victoire de votre équipe. Dans la défaite, votre adversaire et son équipe se montrent magnanimes à votre égard, et vous quittez le stade;Ihr verbringt einen schönen Nachmittag im Tzykanisterion und spielt ein spannendes Spiel Go, das mit einem Sieg Eurer Mannschaft endet. Euer Gegner und sein Team nehmen ihre Niederlage großmütig hin und ihr verlasst das Stadion als Freunde.;;Has pasado una tarde maravillosa en el  tzykanisterion, jugando un tenso partido de Go que ha terminado con la victoria de tu equipo. Tu oponente y su equipo se han mostrado magnánimos en el momento de la derrota, y salís del estadio como amigos.;;;;;;;;;x
EVTOPTASENGOKU_LIFE.902;We must do this again sometime.;Nous devons remettre ça un de ces jours.;Wir müssen das einmal wiederholen.;;Esto lo tenemos que repetir.;;;;;;;;;x
EVTDESCSENGOKU_LIFE.903;You spend a wonderful afternoon playing a tense game of Go that sadly ends in a defeat for you. Your opponent is magnanimous in victory, and you depart as friends.;Vous passez un superbe après-midi au tzykanisterion à jouer une partie très enlevée de Go qui se termine malheureusement par la défaite de votre équipe. Dans la victoire, votre adversaire et son équipe se montrent magnanimes à votre égard, et vous ;Ihr verbringt einen schönen Nachmittag im Tzykanisterion und spielt ein spannendes Spiel Go, das leider mit einer Niederlage Eurer Mannschaft endet. Euer Gegner und sein Team sind großmütig in ihrem Sieg und ihr verlasst das Stadion als Freunde. ;;Has pasado una tarde maravillosa en el tzykanisterion, jugando un tenso partido de Go que lamentablemente ha terminado con la derrota de tu equipo. En el momento de la victoria tu oponente y su equipo se han mostrado magnánimos, y salís del estadio como amigos.;;;;;;;;;x
EVTOPTASENGOKU_LIFE.903;We need to do a rematch sometime.;Ce n'est que partie remise.;Wir müssen unbedingt einmal einen Rückkampf vornehmen.;;Algún día tendremos que hacer la revancha.;;;;;;;;;x
EVTDESCSENGOKU_LIFE.904;Sadly, the afternoon you spent playing Go ends badly. When your opponent crushed you at the game, you accused him of cheating in a fit of rage and started howling obscenities and curses. It quickly devolved into a fight, and it took the efforts of several bystanders to end the fight and pull you away.;Malheureusement, l'après-midi passé à jouer extrémités vont mal. Lorsque votre adversaire vous écraser au jeu, vous a accusé de tricherie dans un accès de rage et a commencé à hurler des obscénités et des malédictions. Il a rapidement dégénéré en une bagarre, et il a fallu les efforts de plusieurs passants pour mettre fin à la lutte et à vous éloigner.;Leider endet der Nachmittag den Ihr Go spielened verbracht habt in einer Katastrophe. Als Ihr im Spiel vernichtend geschlagen wurdet, beschuldigte Ihr euren Gegner in einem Zornanfall des Betruges, und mit Beschimpfungen um euch zu werfen. Es artete schnell in einer Schlägerei aus, die nur durch die Bemühungen mehrerer beendet werden konnte.;;Por desgracia, la tarde que pasé jugando extremos van mal. Cuando su oponente le aplastó en el juego, se le acusó de hacer trampa en un ataque de rabia y empezó a aullar obscenidades y blasfemias. Muy pronto degeneró en una pelea, y lo llevó a los esfuerzos de varios transeúntes para poner fin a la lucha y hacerle perder pie.;;;;;;;;;x
EVTOPTASENGOKU_LIFE.904;This isn't over! THIS ISN'T OVER!;Ce n'est pas fini ! CE N'EST PAS FINI !;Das ist noch nicht vorbei. DAS IST NOCH NICHT VORBEI!;;¡Esto no se ha acabado! ¡ESTO NO HA TERMINADO!;;;;;;;;;x
go_accepted;You accept the challenge.;Vous acceptez le défi.;Ihr nehmt die Herausforderung an.;;Tu aceptas el reto.;;;;;;;;;x
go_declined;You refuse the challenge.;Vous refusez le défi.;Ihr lehnt die Herausforderung ab.;;Tu rechazas el desafío.;;;;;;;;;x
opinion_go_pos;Go Partner;Partenaire de Go;Go Partner;;Compañero de Go;;;;;;;;;x
opinion_go_neg;Go Nemesis;La Némesis de Go;;;La Némesis del Go;;;;;;;;;x
######;#;#;#;;#;;;;;;;;;x